Workbook

Sheet Сводка
A1: Показатель | B1: Значение | C1: Критерий | D1: Выполнено
A2: Роликов в коллекции | B2: =COUNTA(Паспорт!A2:A500) | C2: 90–110 | D2: =IF(AND(B2>=90,B2<=110),"да","нет")
A3: Из TikTok | B3: =COUNTIF(Паспорт!C2:C500,"TikTok")
A4: Из VK | B4: =COUNTIF(Паспорт!C2:C500,"VK")
A5: Доля TikTok | B5: =IF(B2=0,0,B3/B2) | C5: ≥ 2/3 | D5: =IF(B5>=2/3,"да","нет")
A6: С речью | B6: =COUNTIF(Паспорт!L2:L500,"да")
A7: Доля с речью или текстом в кадре | B7: =IF(B2=0,0,SUMPRODUCT(--(((Паспорт!L2:L500)="да")+((Паспорт!N2:N500)="да")>0))/B2) | C7: ≥ 80 % | D7: =IF(B7>=0.8,"да","нет")
A8: Доля без речи | B8: =IF(B2=0,0,COUNTIF(Паспорт!L2:L500,"нет")/B2) | C8: посчитать
A9: С текстом в кадре | B9: =COUNTIF(Паспорт!N2:N500,"да") | C9: ≥ 10 | D9: =IF(B9>=10,"да","нет")
A10: Тем использовано | B10: =SUMPRODUCT((Паспорт!O2:O500<>"")/COUNTIF(Паспорт!O2:O500,Паспорт!O2:O500&"")) | C10: ≥ 5 | D10: =IF(B10>=5,"да","нет")
A11: Недоступных ссылок | B11: =COUNTIF(Паспорт!K2:K500,"ошибка*") | C11: 0 | D11: =IF(B11=0,"да","нет")
A12: Не размечено (пустая «Речь») | B12: =B2-COUNTA(Паспорт!L2:L500) | C12: 0 | D12: =IF(B12=0,"да","нет")
A14: Распределение по темам | B14: Роликов | C14: Доля
A15: Юмор и мемы | B15: =COUNTIF(Паспорт!O2:O500,A15) | C15: =IF($B$2=0,0,B15/$B$2)
A16: Еда и рецепты | B16: =COUNTIF(Паспорт!O2:O500,A16) | C16: =IF($B$2=0,0,B16/$B$2)
A17: Красота и уход | B17: =COUNTIF(Паспорт!O2:O500,A17) | C17: =IF($B$2=0,0,B17/$B$2)
A18: Мода и покупки | B18: =COUNTIF(Паспорт!O2:O500,A18) | C18: =IF($B$2=0,0,B18/$B$2)
A19: Учёба и IT | B19: =COUNTIF(Паспорт!O2:O500,A19) | C19: =IF($B$2=0,0,B19/$B$2)
A20: Спорт и здоровье | B20: =COUNTIF(Паспорт!O2:O500,A20) | C20: =IF($B$2=0,0,B20/$B$2)
A21: Путешествия и места | B21: =COUNTIF(Паспорт!O2:O500,A21) | C21: =IF($B$2=0,0,B21/$B$2)
A22: Психология и отношения | B22: =COUNTIF(Паспорт!O2:O500,A22) | C22: =IF($B$2=0,0,B22/$B$2)
A23: Музыка и танцы | B23: =COUNTIF(Паспорт!O2:O500,A23) | C23: =IF($B$2=0,0,B23/$B$2)
A24: Лайфхаки и быт | B24: =COUNTIF(Паспорт!O2:O500,A24) | C24: =IF($B$2=0,0,B24/$B$2)
A25: Кино и сериалы | B25: =COUNTIF(Паспорт!O2:O500,A25) | C25: =IF($B$2=0,0,B25/$B$2)
A26: Животные | B26: =COUNTIF(Паспорт!O2:O500,A26) | C26: =IF($B$2=0,0,B26/$B$2)
A27: Общество и политика | B27: =COUNTIF(Паспорт!O2:O500,A27) | C27: =IF($B$2=0,0,B27/$B$2)
A28: Другое | B28: =COUNTIF(Паспорт!O2:O500,A28) | C28: =IF($B$2=0,0,B28/$B$2)

Sheet Паспорт
A1: № | B1: ID | C1: Платформа | D1: Ссылка | E1: Чьё «Избранное» | F1: Автор | G1: Название / подпись | H1: Длительность, с | I1: Описание есть | J1: Субтитры платформы | K1: Статус ссылки | L1: Речь | M1: Язык | N1: Текст в кадре | O1: Тема | P1: Качество звука | Q1: Комментарий
A2: 1 | B2: 7693220621068684562 | C2: TikTok | D2: https://www.tiktok.com/@wolframoviy02/video/7693220621068684562 | E2: Анастасия | F2: @wolframoviy02 | G2: История про Therac-25 #история #программист #мемы #программирование #programming Therac-25 (с англ. — «Терак-25») — аппарат лучевой терапии, медицинский ускоритель, созданный канадской государственно | I2: да | K2: доступна (oEmbed) | L2: да | M2: рус | N2: да | O2: Учёба и IT | P2: хорошее | Q2: Своя тема: программирование
A3: 2 | B3: 7492893285204249878 | C3: TikTok | D3: https://www.tiktok.com/@ilnitskaja1/video/7492893285204249878 | E3: Анастасия | F3: @ilnitskaja1 | G3: Было…..тяжело 😳 #ягодичныймостик #ягодицы #мост #техника #ягодичныймост250кг #моствтренажере #зал #пп #упражнения #gymgirlsoftiktok | I3: да | K3: доступна (oEmbed) | L3: да | M3: рус | N3: да | O3: Спорт и здоровье | P3: хорошее | Q3: Своя тема: спортзал
A4: 3 | B4: 7696248119398386976 | C4: TikTok | D4: https://www.tiktok.com/@prof.zhukpuk/video/7696248119398386976 | E4: Анастасия | F4: @prof.zhukpuk | G4: я не знаю какие хештеги тут ставить, делитесь ссылкой, чтобы продвигать профэссора за базированное мнение | I4: да | K4: доступна (oEmbed) | L4: да | M4: рус | N4: да | O4: Общество и политика | P4: хорошее | Q4: Своя тема: гендерное неравенство
A5: 4 | B5: 7687297499735805202 | C5: TikTok | D5: https://www.tiktok.com/@ttbynina/video/7687297499735805202 | E5: Анастасия | F5: @ttbynina | G5: Там потом ещё много интересного узнаете в процессе👌🏼Главное начать #какпохудеть #какнабратьмассу #ппрецепт #какдобратьбелок | I5: да | K5: доступна (oEmbed) | L5: нет | M5: рус | N5: да | O5: Спорт и здоровье | P5: только музыка | Q5: Своя тема: спортзал
A6: 5 | B6: 7695800494962265376 | C6: TikTok | D6: https://www.tiktok.com/@rubezh_education/video/7695800494962265376 | E6: Анастасия | F6: @rubezh_education | G6: Получите план поступления за границу в 2027🎓 📲 Записывайтесь на бесплатную консультацию — ссылка на запись в Телеграм (30к пдп): rubezhstudy #учебазаграницей #образованиевевропе #бесплатнаяучеба #гран | I6: да | K6: доступна (oEmbed) | L6: нет | M6: рус | N6: да | O6: Учёба и IT | P6: только музыка | Q6: Своя тема: поступление заграницу
A7: 6 | B7: 7677840338479762706 | C7: TikTok | D7: https://www.tiktok.com/@anosof.roman/video/7677840338479762706 | E7: Анастасия | F7: @anosof.roman | G7: Почему не берут на работу после курсов? 😢 Право на страдания. Что вы думаете, имеет ли человек право сменить профессию в 30 лет, или это инфантилизм, легкомысленность и безалаберность? 🤔 Пишите в комм | I7: да | K7: доступна (oEmbed) | L7: да | M7: рус | N7: да | O7: Учёба и IT | P7: хорошее | Q7: Своя тема: работа в it
A8: 7 | B8: 7695336047642692884 | C8: TikTok | D8: https://www.tiktok.com/@apologygirlrl/video/7695336047642692884 | E8: Анастасия | F8: @apologygirlrl | G8: "Блиин насчет чего мне теперь ныть😭😭😭😭неет нет нас тоже угнетают!!! нам девушки не дают!!! мужчины угнетаются!!!" bruh. men loneliness epidemic не существует, борьба за мужские права бесссысленна, фем | I8: да | K8: доступна (oEmbed) | L8: нет | M8: рус | N8: да | O8: Общество и политика | P8: только музыка | Q8: Своя тема: гендерное неравенство
A9: 8 | B9: 7690957432595467527 | C9: TikTok | D9: https://www.tiktok.com/@niolypolina/video/7690957432595467527 | E9: Анастасия | F9: @niolypolina | G9: ТГК Nioly, ты как? В итоге я купила подарок Арине, а как вам туфли? #миллионер #блогер #подарок #агент #аринасавастру | I9: да | K9: доступна (oEmbed) | L9: да | M9: рус | N9: да | O9: Мода и покупки | P9: хорошее | Q9: Своя тема: подарок на день рождение
A10: 9 | B10: 7692445554780966162 | C10: TikTok | D10: https://www.tiktok.com/@niolypolina/video/7692445554780966162 | E10: Анастасия | F10: @niolypolina | G10: ТГК Nioly, ты как? Все это обязательно надо сделать перед кастингом в модельное агентство, пользуйтесь✨ #моделинг #модель #агент #селебрити #блогер | I10: да | K10: доступна (oEmbed) | L10: да | M10: рус | N10: да | O10: Красота и уход | P10: хорошее | Q10: Своя тема: кастинг агенство
A11: 10 | B11: 7694257728126078215 | C11: TikTok | D11: https://www.tiktok.com/@bebrosechka/video/7694257728126078215 | E11: Анастасия | F11: @bebrosechka | G11: Знак от Вселенной представляет собой любое случайное событие, фразу, цифру или совпадение, которому человек приписывает особый смысл и воспринимает как подсказку судьбы. В эзотерике и духовных практик | I11: да | K11: доступна (oEmbed) | L11: нет | M11: рус | N11: да | O11: Общество и политика | P11: только музыка | Q11: Своя тема: гендерное неравенство
A12: 11 | B12: 7693069044907314453 | C12: TikTok | D12: https://www.tiktok.com/@culinary_boss/video/7693069044907314453 | E12: Анастасия | F12: @culinary_boss | G12: Пряный американо со сливочной шапкой 😍🔥 Варю эспрессо в любимой кофеварке Demiand! Арт. WB (белая): WW286274 Арт. WB (черная): WW609011 Арт. OZON: 3392009371 Арт. Яндекс М: 5008360491 Эспрессо - 50 мл | I12: да | K12: доступна (oEmbed) | L12: нет | M12: рус | N12: да | O12: Еда и рецепты | P12: только музыка | Q12: Своя тема: рецепт кофе
A13: 12 | B13: 7694999379115101458 | C13: TikTok | D13: https://www.tiktok.com/@alexaprostolegenda/video/7694999379115101458 | E13: Анастасия | F13: @alexaprostolegenda | G13: Это большая боль. «Ничего не поменяется» «какой смысл» «борьба в пустую» да блять как вы не понимаете, что женщин тысячелетиями угнетали, и все равно не сломили. Если мы смогли добиться того, что есть | I13: да | K13: доступна (oEmbed) | L13: нет | M13: рус | N13: да | O13: Общество и политика | P13: только музыка | Q13: Своя тема: гендерное неравенство
... A76: 75 | B76: 7696245465880202518 | C76: TikTok | D76: https://www.tiktok.com/@fanstef7/video/7696245465880202518 | E76: Анастасия | F76: @fanstef7 | G76: Я ее знаю, завидуйте @Аля Шнуркова #штефанов #котик #партияпчеловодов #александрштефанов | I76: да | K76: доступна (oEmbed) | L76: да | M76: рус | N76: да | O76: Юмор и мемы | P76: среднее | Q76: Своя тема: юмор/политика
A77: 76 | B77: -194778748_456240278 | C77: VK | D77: https://vk.com/clip-194778748_456240278 | E77: Анастасия | F77: Алексей Даровский | Банкротство физических лиц. | G77: Clip by @onlinebankrot | H77: 50 | I77: да | J77: нет | K77: доступна | L77: да | M77: рус | N77: да | O77: Общество и политика | P77: хорошее | Q77: VK: из рекомендаций, не личное «Избранное»
A78: 77 | B78: -212781631_456239710 | C78: VK | D78: https://vk.com/clip-212781631_456239710 | E78: Анастасия | F78: Вероника Кромбергер | Бизнес-психология | G78: Clip by @veronika_kromberger | H78: 126 | I78: да | J78: нет | K78: доступна | L78: да | M78: рус | N78: да | O78: Другое | P78: среднее | Q78: VK: из рекомендаций, не личное «Избранное»
A79: 78 | B79: -219478341_456239272 | C79: VK | D79: https://vk.com/clip-219478341_456239272 | E79: Анастасия | F79: ARTWORX | G79: Clip by @artworx_crew | H79: 85 | I79: да | J79: нет | K79: доступна | L79: да | M79: рус | N79: да | O79: Кино и сериалы | P79: хорошее | Q79: VK: из рекомендаций, не личное «Избранное»
A80: 79 | B80: -211006595_456239084 | C80: VK | D80: https://vk.com/clip-211006595_456239084 | E80: Анастасия | F80: Маша Зорина | мама, находки, посутка | Москва | G80: Clip by @mashaa_zorinaa | H80: 76 | I80: да | J80: нет | K80: доступна | L80: да | M80: рус | N80: да | O80: Другое | P80: хорошее | Q80: VK: из рекомендаций, не личное «Избранное»
A81: 80 | B81: -179784060_456244300 | C81: VK | D81: https://vk.com/clip-179784060_456244300 | E81: Анастасия | F81: Москва | G81: Clip by @moskva7777 | H81: 114 | I81: да | J81: нет | K81: доступна | L81: да | M81: рус | N81: нет | O81: Другое | P81: хорошее | Q81: VK: из рекомендаций, не личное «Избранное»
A82: 81 | B82: -231414357_456239285 | C82: VK | D82: https://vk.com/clip-231414357_456239285 | E82: Анастасия | F82: Право&Деньги – Законный выход из долгов | G82: Clip by @pravodengi | H82: 30 | I82: да | J82: нет | K82: доступна | L82: да | M82: рус | N82: да | O82: Лайфхаки и быт | P82: хорошее | Q82: VK: из рекомендаций, не личное «Избранное»
A83: 82 | B83: -99173315_456282046 | C83: VK | D83: https://vk.com/clip-99173315_456282046 | E83: Анастасия | F83: Телеканал «ДОН 24» | G83: Clip by @don24tv | H83: 34 | I83: да | J83: нет | K83: доступна | L83: да | M83: рус | N83: нет | O83: Другое | P83: хорошее | Q83: VK: из рекомендаций, не личное «Избранное»
A84: 83 | B84: -228626101_456239235 | C84: VK | D84: https://vk.com/clip-228626101_456239235 | E84: Анастасия | F84: С ДЕТСКОГО НА ВЗРОСЛЫЙ | G84: Clip by @s_detskogo_na_vzrosliy | H84: 111 | I84: да | J84: нет | K84: доступна | L84: да | M84: рус | N84: да | O84: Другое | P84: хорошее | Q84: VK: из рекомендаций, не личное «Избранное»
A85: 84 | B85: -219199731_456239320 | C85: VK | D85: https://vk.com/clip-219199731_456239320 | E85: Анастасия | F85: ДОРГИР I Продажа и обслуживание спецтехники | G85: Clip by @dorgear | H85: 64 | I85: да | J85: нет | K85: доступна | L85: да | M85: рус | N85: да | O85: Другое | P85: хорошее | Q85: VK: из рекомендаций, не личное «Избранное»
A86: 85 | B86: -185334713_456249908 | C86: VK | D86: https://vk.com/clip-185334713_456249908 | E86: Анастасия | F86: Типичный Антипаблик | G86: Clip by @ant1publ1c | H86: 41 | I86: да | J86: нет | K86: доступна | L86: да | M86: рус | N86: нет | O86: Другое | P86: среднее | Q86: VK: из рекомендаций, не личное «Избранное»
A87: 86 | B87: -98368576_456252067 | C87: VK | D87: https://vk.com/clip-98368576_456252067 | E87: Анастасия | F87: Фотошкола Сергея Максименко | G87: Clip by @maksimenko_photoschool | H87: 23 | I87: да | J87: нет | K87: доступна | L87: да | M87: рус | N87: нет | O87: Другое | P87: среднее | Q87: VK: из рекомендаций, не личное «Избранное»
A88: 87 | B88: -160940586_456239666 | C88: VK | D88: https://vk.com/clip-160940586_456239666 | E88: Анастасия | F88: Иван Дымов | G88: Clip by @dymdymov | H88: 72 | I88: да | J88: нет | K88: доступна | L88: да | M88: рус | N88: да | O88: Общество и политика | P88: хорошее | Q88: VK: из рекомендаций, не личное «Избранное»
... A92: 91 | B92: -39543596_456239409 | C92: VK | D92: https://vk.com/clip-39543596_456239409 | E92: Анастасия | F92: «Плюшки» | G92: Clip by @clubplyushki | H92: 113 | I92: да | J92: нет | K92: доступна | L92: да | M92: рус | N92: нет | O92: Юмор и мемы | P92: хорошее | Q92: VK: из рекомендаций, не личное «Избранное»

Sheet Темы
A1: Юмор и мемы
A2: Еда и рецепты
A3: Красота и уход
A4: Мода и покупки
A5: Учёба и IT
A6: Спорт и здоровье
A7: Путешествия и места
A8: Психология и отношения
A9: Музыка и танцы
A10: Лайфхаки и быт
A11: Кино и сериалы
A12: Животные
... A14: Другое
