Workbook

Sheet Оценка
A1: № | B1: Платформа | C1: Звук | D1: Тема | E1: Ролик | F1: Лист с транскриптом | G1: Длит., с | H1: Слов large-v3 | I1: Оценка large-v3 | J1: Оценка small | K1: Ошибки / комментарий
A2: 1 | B2: TikTok | C2: хорошее | D2: Учёба и IT: рассказ про Therac-25 | E2: открыть | F2: №1 | G2: 279.2 | H2: 619 | I2: =IF(№1!B4="","",№1!B4) | J2: =IF(№1!B5="","",№1!B5) | K2: =IF(№1!B6="","",№1!B6)
A3: 20 | B3: TikTok | C3: среднее | D3: Спорт: сколько тренировок в неделю | E3: открыть | F3: №20 | G3: 42.7 | H3: 113 | I3: =IF(№20!B4="","",№20!B4) | J3: =IF(№20!B5="","",№20!B5) | K3: =IF(№20!B6="","",№20!B6)
A4: 22 | B4: TikTok | C4: среднее | D4: Новости: протест медиков в Красноярске | E4: открыть | F4: №22 | G4: 223.8 | H4: 354 | I4: =IF(№22!B4="","",№22!B4) | J4: =IF(№22!B5="","",№22!B5) | K4: =IF(№22!B6="","",№22!B6)
A5: 31 | B5: TikTok | C5: речь + музыка | D5: Спорт: количество повторений | E5: открыть | F5: №31 | G5: 7.5 | H5: 0 | I5: =IF(№31!B4="","",№31!B4) | J5: =IF(№31!B5="","",№31!B5) | K5: =IF(№31!B6="","",№31!B6)
A6: 54 | B6: TikTok | C6: хорошее | D6: Стендап: быстрая речь и смех зала | E6: открыть | F6: №54 | G6: 30.8 | H6: 58 | I6: =IF(№54!B4="","",№54!B4) | J6: =IF(№54!B5="","",№54!B5) | K6: =IF(№54!B6="","",№54!B6)
A7: 66 | B7: TikTok | C7: хорошее | D7: Рецепт ПП-синнабонов | E7: открыть | F7: №66 | G7: 172.1 | H7: 0 | I7: =IF(№66!B4="","",№66!B4) | J7: =IF(№66!B5="","",№66!B5) | K7: =IF(№66!B6="","",№66!B6)
A8: 77 | B8: VK | C8: среднее | D8: Другое (126 с) | E8: открыть | F8: №77 | G8: 126.6 | H8: 367 | I8: =IF(№77!B4="","",№77!B4) | J8: =IF(№77!B5="","",№77!B5) | K8: =IF(№77!B6="","",№77!B6)
A9: 85 | B9: VK | C9: среднее | D9: Другое (41 с) | E9: открыть | F9: №85 | G9: 41.9 | H9: 130 | I9: =IF(№85!B4="","",№85!B4) | J9: =IF(№85!B5="","",№85!B5) | K9: =IF(№85!B6="","",№85!B6)
A10: 89 | B10: VK | C10: хорошее | D10: Врач рассказывает (114 с) | E10: открыть | F10: №89 | G10: 114.5 | H10: 293 | I10: =IF(№89!B4="","",№89!B4) | J10: =IF(№89!B5="","",№89!B5) | K10: =IF(№89!B6="","",№89!B6)
A11: 91 | B11: VK | C11: хорошее | D11: Юмор (113 с) | E11: открыть | F11: №91 | G11: 113.2 | H11: 78 | I11: =IF(№91!B4="","",№91!B4) | J11: =IF(№91!B5="","",№91!B5) | K11: =IF(№91!B6="","",№91!B6)

Sheet Сводка
A1: Показатель | B1: large-v3 | C1: small
A2: Оценено роликов | B2: =COUNT(Оценка!I2:I11) | C2: =COUNT(Оценка!J2:J11)
A3: Средняя оценка (из 2) | B3: =IFERROR(ROUND(AVERAGE(Оценка!I2:I11),2),"") | C3: =IFERROR(ROUND(AVERAGE(Оценка!J2:J11),2),"")
A4: Смысл понятен полностью (2) | B4: =COUNTIF(Оценка!I2:I11,2) | C4: =COUNTIF(Оценка!J2:J11,2)
A5: Частично (1) | B5: =COUNTIF(Оценка!I2:I11,1) | C5: =COUNTIF(Оценка!J2:J11,1)
A6: Не понятен (0) | B6: =COUNTIF(Оценка!I2:I11,0) | C6: =COUNTIF(Оценка!J2:J11,0)
A7: Пустых транскриптов | B7: 2 | C7: 2
A8: Аудио всего, с | B8: 1152.3 | C8: 1152.3
A9: Время распознавания (GPU T4), с | B9: 123.3 | C9: 43.4
A10: RTF (меньше — быстрее) | B10: 0.107 | C10: 0.038
A12: Вывод (2–3 предложения, для Jira):
A13: Берём faster-whisper large-v3 на GPU: на 8 роликах с речью смысл понятен полностью у всех (8/8 оценок «2»), термины и английские слова распознаёт лучше small (Enter, «пациенты» вместо «поцветы»), минута аудио — около 8 с на T4 (RTF 0,13). small (RTF 0,05, те же 8/8) оставляем запасным вариантом для сервера без GPU; GigaAM не нужен. Найдена проблема: на речи поверх музыки (№66) фильтр тишины VAD вырезал голос — транскрипт пустой; нужно ослабить порог VAD или повторять распознавание без VAD, если результат пустой (учесть в MEM-30).
A19: RTF = время распознавания / длительность аудио; 0,1 — минута аудио за 6 секунд. Замер: Colab, GPU T4, float16, VAD, beam 5.

Sheet №1
A1: №1 · TikTok · звук: хорошее · Учёба и IT: рассказ про Therac-25
A2: Открыть ролик | C2: ← к общему листу «Оценка»
A4: Оценка large-v3 (2/1/0) | B4: 2
A5: Оценка small (2/1/0) | B5: 2
A6: Ошибки / комментарий | B6: как будто бы обе модели справились довольно хорошо. Large немного получше конечно: теракт вместо терак у small. + Large модель также английские слова усваивает: Enter против Энтер и пр. В целом норм и та и та.
A7: 2 — смысл понятен полностью · 1 — частично · 0 — не понятен / пусто / выдумано
A9: Время | B9: large-v3 | C9: Время | D9: small
A10: 00:00 | B10: Доставай дозиметр, потому что твой код может забанить человека прямо в жизни. | C10: 00:00 | D10: Доставай дозиметр, потому что твой кот может забанить человека прямо в жизни.
A11: 00:05 | B11: Думаешь, твой говнокод максимум уронит прод, сломает корзину в интернет-магазине или потеряет пару тысяч баксов? | C11: 00:04 | D11: Думаешь твой говнокот максимум уронит прод, сломает корзину в интернет-магазине или потеряет пару тысяч баксов?
A12: 00:11 | B12: Хуй там! | C12: 00:11 | D12: Хуй там! Твой говнокот может буквально забанить человека в реальной жизни.
A13: 00:12 | B13: Твой говнокод может буквально забанить человека в реальной жизни. | C13: 00:15 | D13: Садитесь поближе, малолетний хайкер. Сегодня Дед расскажет вам про терак-25.
A14: 00:16 | B14: Садитесь поближе, малолетние хакеры. | C14: 00:21 | D14: Историю, от которого у любого нормального инженера очко сжимается в сингулярность.
A15: 00:19 | B15: Сегодня дед расскажет вам про теракт 25. | C15: 00:26 | D15: История о том, как ебаны и многопоточности самоуверенности разработчиков натурально начали выдавать людям пермочи на физическом сервере.
A16: 00:22 | B16: Историю, от которой у любого нормального инженера очко сжимается в сингулярность. | C16: 00:33 | D16: В 80-е годы канадцы строят чудоаппарат для лучовой терапии.
A17: 00:26 | B17: Историю о том, как ебаные многопоточности и самоуверенность разработчиков натурально начали выдавать людям пермачи на физическом сервере. | C17: 00:38 | D17: Объясняю на пальце, как это ебанина работала. У нее было два режима.
A18: 00:34 | B18: В 80-е годы канадцы строят чудо-аппарат для лучевой терапии. | C18: 00:42 | D18: Лайтовы на электронах, слабенький пучок, чисто по щекотать упухольп пациент живет дальше.
A19: 00:39 | B19: Объясняю на пальцы, как эта ебанина работала. | C19: 00:48 | D19: И второй режим. Ядерного аннигилятора! Включает садская пушка на 25 миллионов электрон вольт.
A20: 00:41 | B20: У нее было два режима. | C20: 00:55 | D20: Что под такого прикола человек не выкинул исключения из жизненного цикла?
... A86: 03:57 | B86: в лобби. | C86: 04:35 | D86: Залетайте в теле, там дед принимает ваш говнокот на ревью.
A87: 03:58 | B87: Шесть человек принудительно отключались от серверов
A88: 04:01 | B88: планеты Земля, а компания разработчик годами отмазывалась,
A89: 04:04 | B89: мол наш код идеален, это ваши медсёстры криво кнопки
A90: 04:07 | B90: нажимают.
A91: 04:10 | B91: Так что если вам говорят учить многопоточность,
A92: 04:14 | B92: атомики, не надо закатывать глаза.
A93: 04:17 | B93: Потому что в вебе ваш кривой код максимум уронит сессию
A94: 04:20 | B94: пользователя.
A95: 04:21 | B95: А в реальном мире один кривой флс и переполненный байт
A96: 04:24 | B96: могут раздать перманентные банки.
A97: 04:25 | B97: Учите матчасть, читайте документацию и никогда
A98: 04:32 | B98: не выкидывайте аппаратные предохранители.
... A100: 04:38 | B100: на ревью.

Sheet №20
A1: №20 · TikTok · звук: среднее · Спорт: сколько тренировок в неделю
A2: Открыть ролик | C2: ← к общему листу «Оценка»
A4: Оценка large-v3 (2/1/0) | B4: 2
A5: Оценка small (2/1/0) | B5: 2
A6: Ошибки / комментарий | B6: Отлично обе модели, однако маленькая два слова перепутала: вне зала и вне тренировок и вне зала и мне тренировок, на этом сойтись. И на этом следить
A7: 2 — смысл понятен полностью · 1 — частично · 0 — не понятен / пусто / выдумано
A9: Время | B9: large-v3 | C9: Время | D9: small
A10: 00:00 | B10: Ну, смотрите, две тренировки, вот на которые вы ходите, мне на самом деле нравятся больше, чем четыре, но которые вы регулярно пропускаете. | C10: 00:00 | D10: Ну, смотрите, две тренировки, на которые вы ходите, мне на самом деле нравится больше, чем четыре, но которые вы регулярно пропускаете.
A11: 00:07 | B11: Поэтому я и предлагаю скорректировать программу и весь тренировочный процесс под два занятия в неделю, потому что это тот объём, который вы стопроцентно удержите. | C11: 00:07 | D11: Поэтому я и предлагаю скорректировать программу и весь тренировочный процесс под два занятия в неделю, потому что это тот объем, который вы 100% держите.
A12: 00:17 | B12: Почему вы решили, что две тренировки в неделю мало? Ну, мало для чего? Для какой цели? | C12: 00:17 | D12: Почему вы решили, что две тренировки в неделю мало? Мало для чего? Для какой цели?
A13: 00:22 | B13: То есть для нашей с вами цели две тренировки в неделю хватит за глаза, потому что основная работа на похудение, она делается даже вне зала и вне тренировок. | C13: 00:22 | D13: То есть для нашей с вами цели две тренировки в неделю хватит за глаза, потому что основная работа на похудение, она делается даже вне зала и мне тренировок.
A14: 00:32 | B14: Поэтому это ничуть не мало, и давайте тогда так и поступим. Я предлагаю на этом сойтись. Если вас что-то ещё смущает, давайте обсуждать. | C14: 00:32 | D14: Поэтому это не чуть, не мало, и давайте тогда так и поступим. Я предлагаю на этом следить, если во что-то еще смущает, давайте вот обсуждать.

Sheet №22
A1: №22 · TikTok · звук: среднее · Новости: протест медиков в Красноярске
A2: Открыть ролик | C2: ← к общему листу «Оценка»
A4: Оценка large-v3 (2/1/0) | B4: 2
A5: Оценка small (2/1/0) | B5: 2
A6: Ошибки / комментарий | B6: почти одинаковое качество кроме пациенты и поцветы у small
A7: 2 — смысл понятен полностью · 1 — частично · 0 — не понятен / пусто / выдумано
A9: Время | B9: large-v3 | C9: Время | D9: small
A10: 00:00 | B10: У нас есть пациенты, есть доверие женщин, есть коллектив, который хочет работать. | C10: 00:00 | D10: У нас есть поцветы, есть доверие женщин, есть коллектив, который хочет работать.
A11: 00:07 | B11: Так почему наш родильный дом должны закрыть? | C11: 00:06 | D11: Так почему наш родильный дом должны закрыть?
A12: 00:11 | B12: Это сотрудницы Красноярского роддома номер 6. | C12: 00:11 | D12: Это сотрудницы Красноярского роддома номер 6.
A13: 00:15 | B13: Они пытаются спасти его от закрытия. | C13: 00:15 | D13: Они пытаются спасти его от закрытия.
A14: 00:18 | B14: И тем, кто выступает против, руководство обещает проблемы с трудоустройством в будущем. | C14: 00:18 | D14: И тем, кто выступает против, руководство обещает проблемы с трудоустройством в будущем.
A15: 00:24 | B15: Кроме шестого, власти Красноярска собираются закрыть и роддом номер 4. | C15: 00:24 | D15: Кроме шестого, власти Красноярска собираются закрыть и роддом номер 4.
A16: 00:30 | B16: Чиновники объясняют это падением рождаемости. | C16: 00:30 | D16: Чиновники объясняют это падением рождаемости.
A17: 00:34 | B17: Но медики не согласились с решением властей. | C17: 00:34 | D17: Но медики не согласились с решением властей.
A18: 00:37 | B18: Они начали собирать подписи, писать депутатам и записывать видеообращения к Путину. | C18: 00:37 | D18: Они начали собирать подписи, писать депутатом и записывать видеообращение к Путину.
A19: 00:43 | B19: Но куда им вообще идти работать? | C19: 00:43 | D19: Но куда им вообще идти работать?
A20: 00:45 | B20: В шестом роддоме трудятся 116 человек. | C20: 00:45 | D20: В шестом роддоме трудятся 116 человек.
... A42: 03:01 | B42: Сотрудницы сами старались сделать роды более комфортными для женщин. | C42: 03:26 | D42: По плану властей в январе 27 года оба роддома перестанут принимать роды.
A43: 03:07 | B43: Одна из матерей рассказала 7 на 7, что после тяжелых первых родов
A44: 03:12 | B44: снова рожать в больнице она боялась.
A45: 03:16 | B45: Но в шестом роддоме медики учли все ее пожелания.
A46: 03:21 | B46: «Когда я услышала, что такие роддомы у нас есть,
A47: 03:24 | B47: дома, где с уважением относятся к роженице, закрывают,
A48: 03:28 | B48: как я могу оставаться в стороне», — говорит она.
A49: 03:36 | B49: По плану властей в январе 27 года оба роддома перестанут принимать роды.

Sheet №31
A1: №31 · TikTok · звук: речь + музыка · Спорт: количество повторений
A2: Открыть ролик | C2: ← к общему листу «Оценка»
A4: Оценка large-v3 (2/1/0)
A5: Оценка small (2/1/0)
A6: Ошибки / комментарий | B6: нет речи в видео
A7: 2 — смысл понятен полностью · 1 — частично · 0 — не понятен / пусто / выдумано
A9: Время | B9: large-v3 | C9: Время | D9: small
B10: (пусто — модель не распознала речь; проверь, есть ли она в ролике) | D10: (пусто)

Sheet №54
A1: №54 · TikTok · звук: хорошее · Стендап: быстрая речь и смех зала
A2: Открыть ролик | C2: ← к общему листу «Оценка»
A4: Оценка large-v3 (2/1/0) | B4: 2
A5: Оценка small (2/1/0) | B5: 2
A6: Ошибки / комментарий | B6: это диалог нескольких людей на стендапе или каком-то похожем шоу Интересно, что large модель уловила текст только от главного чела, а выкрики его друга и его реплики удалила, у small тут качество похуже, но она вылавливает и реплики другого типа. Так что я даже хз что лучше
A7: 2 — смысл понятен полностью · 1 — частично · 0 — не понятен / пусто / выдумано
A9: Время | B9: large-v3 | C9: Время | D9: small
A10: 00:00 | B10: А вот этот чувак нон-байнери на плакате? | C10: 00:00 | D10: А вот этот чувак Нонбайнери наплакается.
A11: 00:03 | B11: Он женат? | C11: 00:02 | D11: Он женат?
A12: 00:04 | B12: Вообще люди не понимают концепцию гендера. | C12: 00:04 | D12: Вообще люди не понимают концепцию гендера.
A13: 00:07 | B13: Он нон-байнери? | C13: 00:07 | D13: Он Нонбайнери.
A14: 00:08 | B14: Нет, у него пять пар кроссовок. | C14: 00:08 | D14: Он мусульбайнери.
A15: 00:13 | B15: Он нон-байнери? | C15: 00:09 | D15: Нет, у него 5 пар кроссовок.
A16: 00:14 | B16: Нет, нет, нет, он мясо только вареное ест. | C16: 00:13 | D16: Он Нонбайнери.
A17: 00:19 | B17: Нет, ты чего? Не говори про него так, ты чего? | C17: 00:14 | D17: Он в Португане.
A18: 00:22 | B18: Его нон-байнери назвали, а он зимой шапку носит. | C18: 00:15 | D18: Нет, нет, нет.
A19: 00:25 | B19: Какой бред про человека такие слухи распускают. | C19: 00:16 | D19: Он мясо только варёный есть.
C20: 00:19 | D20: Нет, ты чего?
C21: 00:20 | D21: Не говори про него так.
C22: 00:21 | D22: Ты чего?
C23: 00:22 | D23: Его Нонбайнери назвали,
C24: 00:24 | D24: а он зимой шапку носит.
C25: 00:25 | D25: Какой бред.
C26: 00:26 | D26: Про человека такие слухи распускают.

Sheet №66
A1: №66 · TikTok · звук: хорошее · Рецепт ПП-синнабонов
A2: Открыть ролик | C2: ← к общему листу «Оценка»
A4: Оценка large-v3 (2/1/0)
A5: Оценка small (2/1/0)
A6: Ошибки / комментарий | B6: есть речь с музыкой на фоне не понятно почему модель не распознала
A7: 2 — смысл понятен полностью · 1 — частично · 0 — не понятен / пусто / выдумано
A9: Время | B9: large-v3 | C9: Время | D9: small
B10: (пусто — модель не распознала речь; проверь, есть ли она в ролике) | D10: (пусто)

Sheet №77
A1: №77 · VK · звук: среднее · Другое (126 с)
A2: Открыть ролик | C2: ← к общему листу «Оценка»
A4: Оценка large-v3 (2/1/0) | B4: 2
A5: Оценка small (2/1/0) | B5: 2
A6: Ошибки / комментарий | B6: норм обе модели
A7: 2 — смысл понятен полностью · 1 — частично · 0 — не понятен / пусто / выдумано
A9: Время | B9: large-v3 | C9: Время | D9: small
A10: 00:00 | B10: Факты из моего нищего детства, в которые реально сложно поверить. Факт номер один. Я донашивала вещи за папиной любовницей. Конкретно вот куртку точно помню, что донашивала. Папа просто принес ее домой, и я ее носила в школу. | C10: 00:00 | D10: Факты из моего нищего детства, в которые реально сложно поверить.
A11: 00:15 | B11: Факт номер два. Мне было ужасно плохо от этого, я ужасно себя чувствовала, но носила, потому что носить было нечего. Я жила в Сибири, зимой там минус 40, и я выросла из зимней обуви, и у нас не было денег купить мне новую зимнюю обувь. У меня были одни единственные кроссовки, в которых черные такие, в которых я ходила круглый год, и в минус 40 я ходила в этих кроссовках с шерстяным носком. | C11: 00:03 | D11: Факт номер один. Я донашивала вещи за папиной-любовницей.
A12: 00:37 | B12: Иногда меня подкармливали родители моих одноклассниц, в том числе тетя Таня, спасибо ей большое. У нас нечего было дома кушать, и я ходила к одноклассницам для того, чтобы покушать. | C12: 00:08 | D12: Конкретно вот уртку, точно помню, что донашивала.
A13: 00:45 | B13: И я стояла какое-то время в школе, что называется, на питании для малоимущих. И была такая табличка в школьной столовой, на которой было написано «питание для малоимущих», там стоял чай и булочка за 90 копеек. И я подходила, брала эту булочку и с большим удовольствием ела. | C13: 00:11 | D13: Папа просто принес ее домой и я ее носила в школу.
A14: 01:00 | B14: При всем при этом я занималась конным спортом. Вам может это показаться очень странным, но в Новосибирске есть школа Олимпийского резерва, находится она на государственном подроме, в которой можно заниматься совершенно бесплатно, по-моему, до сих пор бесплатно. И абсолютно все нам давали, лошадей, снаряжение. | C14: 00:17 | D14: Мне было ужасно плохо, от этого я ужасно себя чувствовала, но носила, потому что носить было нечего.
A15: 01:15 | B15: И я занималась бесплатно. | C15: 00:21 | D15: Я жила в Сибири, зимой там минус 40, и я выросла из зимней обуви.
A16: 01:15 | B16: Я занималась бесплатно много лет и дожила до звания кандидата в мастера спорта. При всем при этом я занималась музыкой, и мама где-то невероятным образом нашла деньги и на пианино, и на настройщиков, и на то, чтобы дать мне возможность заниматься музыкой. | C16: 00:25 | D16: И у нас не было денег купить мне новую зимнюю обувь.
A17: 01:29 | B17: Самое травмирующее для меня, наверное, ощущение, когда ты перешиваешь мамины вещи. Я своими руками перешивала мамино пальто для того, чтобы мне было что носить. И все это меня не сломало, оно, безусловно, меня травмировало, и у меня довольно сильные детские финансы. | C17: 00:28 | D17: У меня были одни единственные кроссовки, в которых черные такие, в которых я ходила круглый год.
A18: 01:45 | B18: Финансовые травмы, связанные с деньгами, которые благодаря терапии я смогла преодолеть, стать финансово грамотной тетей, у которой все потихонечку, купить несколько квартир в Москве, обеспечить себе классное будущее. И моя дочь вообще не знает того, что такое финансовые проблемы. И я с тобой горжусь. Искренне, от всего сердца, с собой горжусь. | C18: 00:31 | D18: И в минус 40 я ходила в этих кроссовках с шестерным носком.
C19: 00:35 | D19: Иногда меня подкармливали родители моих одноклассниц, в том числе Титани, спасибо большое.
C20: 00:42 | D20: У нас нечего было дома кушать, и я ходила к одноклассницам для того, чтобы покушать.
C21: 00:45 | D21: И я стояла какое-то время в школе, что называется на питании для малой мущих.
C22: 00:51 | D22: И была такая табличка в школьной столовой, на которой было написано питание для малой мущих,
C23: 00:55 | D23: потому что я лучай и булочка сделал такопеек.
C24: 00:57 | D24: И я подходила, брала эту булочку и с большим удовольствием ела.
C25: 01:00 | D25: При всем при этом я занималась конным спортом.
C26: 01:03 | D26: Вам может, это показаться очень странным, но в Новосибирске есть школа Олимпийского резерва.
C27: 01:06 | D27: Находит страна на Ногостарственном подроме, в которой можно заниматься совершенно бесплатно,
C28: 01:10 | D28: по-моему, до сих пор бесплатно.
C29: 01:11 | D29: И абсолютно все нам давали лошадей, снаряжения.
C30: 01:14 | D30: И я занималась бесплатно много лет.
... C45: 02:01 | D45: Искренне, от всего сердца собой горжусь.

Sheet №85
A1: №85 · VK · звук: среднее · Другое (41 с)
A2: Открыть ролик | C2: ← к общему листу «Оценка»
A4: Оценка large-v3 (2/1/0) | B4: 2
A5: Оценка small (2/1/0) | B5: 2
A6: Ошибки / комментарий | B6: одинаковое качество
A7: 2 — смысл понятен полностью · 1 — частично · 0 — не понятен / пусто / выдумано
A9: Время | B9: large-v3 | C9: Время | D9: small
A10: 00:00 | B10: Большинство людей думают, что рыба, выращенная в Китае, используется только в пищу. | C10: 00:00 | D10: Большинство людей думают, что рыба, выращенная в Китае, используется только в пищу.
A11: 00:03 | B11: Но на самом деле главная ценность заключается в рыбьей чешуе. | C11: 00:03 | D11: Но на самом деле главная ценность заключается в рыбьей чешуи.
A12: 00:06 | B12: Трудно поверить, но 100 граммов рыбьей чешуи могут стоить тысячи долларов. | C12: 00:06 | D12: Трудно поверить, но 100 граммов рыбьей чешуи могут стоить тысячи долларов.
A13: 00:10 | B13: То, что многие считают отходами, на самом деле является белым золотом. | C13: 00:10 | D13: То, что многие считают отходами, на самом деле является белым золотом.
A14: 00:13 | B14: Каждое утро рабочие собирают остатки рыбьей чешуи с рыбоперерабатывающих заводов, | C14: 00:13 | D14: Каждое утро рабочие собирают остатки рыбьей чешуи с рыбоперерабатывающих заводов,
A15: 00:17 | B15: очищают ее и удаляют кровь, грязь и ткани. | C15: 00:17 | D15: очищают ее и удаляют кровь, грязь и ткани.
A16: 00:19 | B16: Затем они подготавливают ее к дальнейшей переработке, | C16: 00:19 | D16: Затем они подготавливают ее к дальнейшей переработке,
A17: 00:22 | B17: после этого чешую нагревают, чтобы извлечь коллаген. | C17: 00:22 | D17: после этого чешуи нагревают, чтобы извлечь коллаген.
A18: 00:24 | B18: Жесткая чешуя превращается в густую прозрачную жидкость. | C18: 00:24 | D18: Жесткая чешуя превращается в густую прозрачную жидкость, эту жидкость разливают в формы,
A19: 00:26 | B19: Эту жидкость разливают в формы, где она остывает и застывает в желеобразную массу. | C19: 00:27 | D19: где она остывает и застывает в жалеобразную массу.
A20: 00:30 | B20: Затем ее нарезают на блоки или листы для удобного хранения и транспортировки. | C20: 00:30 | D20: Затем ее нарезают на блоки или листы для удобного хранения и транспортировки.
... A22: 00:38 | B22: То, что когда-то считалось отходами, теперь стало источником огромной прибыли. | C22: 00:38 | D22: То, что когда-то считалось отходами, теперь стало источником огромной прибыли.

Sheet №89
A1: №89 · VK · звук: хорошее · Врач рассказывает (114 с)
A2: Открыть ролик | C2: ← к общему листу «Оценка»
A4: Оценка large-v3 (2/1/0) | B4: 2
A5: Оценка small (2/1/0) | B5: 2
A6: Ошибки / комментарий | B6: видео содержит вставки разговора врача и вот кусочки где ведет диктор с хорошим звуком, а сами вставки с ужасным, я сама половину текста врача разобрать не могу, так что считаю, чтр модельки хорошо справились
A7: 2 — смысл понятен полностью · 1 — частично · 0 — не понятен / пусто / выдумано
A9: Время | B9: large-v3 | C9: Время | D9: small
A10: 00:00 | B10: Многие из вас присылали мне историю Анны Ковалкиной, которая записала видео о том, что ей предложили работать на новых условиях в её больнице. | C10: 00:00 | D10: Многие из вас присылали мне историю Анны Ковалкины,
A11: 00:08 | B11: Впрочем, уведомление. Больница в одностороннем порядке решила изменить нам условия работы с сохранением заработной платы, прежней. | C11: 00:03 | D11: которая записала видео о том, что ей предложили
A12: 00:15 | B12: Теперь мы должны будем работать, вести приём амбулаторный не 33 часа, а 39 часов. | C12: 00:06 | D12: работать на новых условиях в ее больнице.
A13: 00:20 | B13: Причём этот приём осуществляется по 11 минут на человека. | C13: 00:08 | D13: Причинное уведомление.
A14: 00:22 | B14: То есть вместо того, чтобы принимать порядка 35 человек в день, теперь мы будем принимать 50 человек в день. | C14: 00:11 | D14: Больница в одностороннем порядке решила изменить
A15: 00:26 | B15: Доктор не согласилась с новыми условиями, обратился в суд, в трудовую инспекцию. | C15: 00:13 | D15: нам условия работы с сохранением заработной платы.
A16: 00:32 | B16: 29 сентября суд первой инстанции отклонил иск, но Анна была намерена обжаловать это решение. | C16: 00:15 | D16: Прежние.
A17: 00:38 | B17: Пришли мы к вам с несколькими вопросами. | C17: 00:16 | D17: Теперь мы должны будем работать вести прием облаторный,
A18: 00:41 | B18: Вопрос номер один. Согласно уведомлению номер 1841, до первого числа включительно мы вам предоставили время дать нам ответ на текст уведомления. | C18: 00:18 | D18: не 33 часа, 39 часов.
A19: 00:49 | B19: Вчера от вас ответа не поступило, но, соответственно, включительное число прошло, мы пришли сегодня. | C19: 00:20 | D19: Причем этот прием осуществляется по 11-минутной человеком.
A20: 00:53 | B20: И ещё раз вас спрашиваю, ваше решение. | C20: 00:22 | D20: То есть вместо того, чтобы принимать порядка 35 человек
... A29: 01:48 | B29: А вы, друзья, в комментариях пишите, что думаете об этой ситуации. Давайте обсуждать. | C29: 00:45 | D29: мы вам предоставили время дать нам ответ на текст уведомления.
C30: 00:49 | D30: Вчера от вас ответа не поступила, но, соответственно,
C31: 00:52 | D31: включительное число прошло, но пришли сегодня.
C32: 00:53 | D32: И еще раз вас спрашивают ваши решения.
C33: 00:57 | D33: Уже 2 октября на следующий день к ней пришли и попросили
C34: 01:01 | D34: дать окончательный ответ.
C35: 01:04 | D35: Согласны ли Анна на новую условию труда?
C36: 01:06 | D36: По словам доктора, кстати, немаловажно, там были такие
C37: 01:09 | D37: должности по совместительству как Автольмогу Дескополиклинике,
C38: 01:12 | D38: операторы, уборщиков, помещений.
C39: 01:15 | D39: Доктор отказался и трудовой договор с ней расторгли.
C40: 01:18 | D40: Причем ранее Минздрав говорил, что заявление в публичный
C41: 01:22 | D41: доктор не имеет никакого отношения к действительности.
... C53: 01:53 | D53: Давайте обсуждать.

Sheet №91
A1: №91 · VK · звук: хорошее · Юмор (113 с)
A2: Открыть ролик | C2: ← к общему листу «Оценка»
A4: Оценка large-v3 (2/1/0) | B4: 2
A5: Оценка small (2/1/0) | B5: 2
A6: Ошибки / комментарий | B6: аналогично. Вот тут кстати диалог обе модели зацеепилити все ок
A7: 2 — смысл понятен полностью · 1 — частично · 0 — не понятен / пусто / выдумано
A9: Время | B9: large-v3 | C9: Время | D9: small
A10: 00:00 | B10: Друзья, у нас есть небольшой такой спор с Илюхой, произошел в офисе. | C10: 00:00 | D10: Друзья, у нас есть небольшой такой спорт с Илюхой, произошел в офисе.
A11: 00:04 | B11: Кто из нас круче пародирует звук вертолета? | C11: 00:04 | D11: Кто из нас круче пародирует звук вертолета?
A12: 00:08 | B12: Я говорю, что я, а Илюха почему-то, как ни странно, говорит, что он. | C12: 00:09 | D12: Я говорю, что я, а Илюха почему-то, как ни странно, говорит, что он.
A13: 00:16 | B13: Че, ты начнешь? | C13: 00:16 | D13: Чего ты начнешь?
A14: 00:18 | B14: Ладно, все, слушаем. | C14: 00:18 | D14: Ладно, все, слушаем.
A15: 00:20 | B15: Полная тишина на площадке вертолетной. | C15: 00:20 | D15: Полная тишина на площадке вертолетной.
A16: 00:26 | B16: Блин. | C16: 00:31 | D16: Значит, что я делаю?
A17: 00:31 | B17: Что я делаю? | C17: 00:35 | D17: Убери.
A18: 00:33 | B18: Убери. | C18: 00:38 | D18: Никуда не полетели.
A19: 00:38 | B19: Никуда не полетели. | C19: 01:08 | D19: Я не в форме.
A20: 01:08 | B20: Я не в форме. | C20: 01:13 | D20: Чего?
... A28: 01:50 | B28: Вот пердеж на репит поставил. | C28: 01:42 | D28: Чуть не упали.
C29: 01:50 | D29: Вот пердешь на репит по стране.
